{
  "best_metric": null,
  "best_model_checkpoint": null,
  "epoch": 0.03647239040046685,
  "global_step": 1000,
  "is_hyper_param_search": false,
  "is_local_process_zero": true,
  "is_world_process_zero": true,
  "log_history": [
    {
      "epoch": 0.02,
      "learning_rate": 4.9696063413329444e-05,
      "loss": 0.014,
      "step": 500
    },
    {
      "epoch": 0.04,
      "learning_rate": 4.939212682665889e-05,
      "loss": 0.0107,
      "step": 1000
    },
    {
      "epoch": 0.04,
      "eval_loss": 0.00943257287144661,
      "eval_mse": 0.009432573802769184,
      "eval_runtime": 199.9273,
      "eval_samples_per_second": 44.316,
      "eval_steps_per_second": 7.388,
      "step": 1000
    }
  ],
  "max_steps": 82254,
  "num_train_epochs": 3,
  "total_flos": 1578652157952000.0,
  "trial_name": null,
  "trial_params": null
}
